Date,Price,Open,High,Low,Vol.,Change %,,,rank,commentCount,likeCount,,,,,type1,value1,,gender,
May-00,10522.33,10749.42,10971.24,10258.81,180.90M,-1.97%,253,,1,137,7026,BLACKPINK,1,美甲,,結婚,9,,F,800
Jun-00,10447.89,10532.27,10863,10335.46,183.98M,-0.71%,252,,2,182,6506,BTS,1,美妝,,閒聊,86,,M,395
Jul-00,10521.98,10450.36,10874.63,10393.09,171.24M,0.71%,251,,3,190,5049,COVID-19,73,美食,,傳說對決,1,,F,
Aug-00,11215.1,10523.81,11319.06,10516.76,165.39M,6.59%,250,,4,574,3494,NBA,1,美髮,,感情,133,,M,
Sep-00,10650.92,11219.54,11401.19,10567.32,243.81M,-5.03%,249,,5,84,3472,Red Velvet,1,英雄聯盟,,新生季,2,,F,
Oct-00,10971.14,10659.06,10995.41,9654.64,297.12M,3.01%,248,,6,115,2191,VTuber,1,時事,,楓之谷,1,,F,
Nov-00,10414.49,10966.21,11006.5,10292.39,240.12M,-5.07%,247,,7,88,1776,YouTuber,50,追星,,遊戲,2,,F,
Dec-00,10787.99,10416.76,10917.68,10299.21,270.67M,3.59%,246,,8,96,1598,女孩,55,健身,,電影,1,,M,
1-Jan,10887.36,10790.92,11028,10468.04,290.79M,0.92%,245,,9,33,1578,工作,10,偽娘,,精品,3,,M,
1-Feb,10495.28,10884.82,11035.14,10294.01,232.54M,-3.60%,244,,10,33,1465,心情,133,彩虹,,網路購物,3,,F,
1-Mar,9878.78,10493.25,10859.5,9106.54,287.98M,-5.87%,243,,11,292,1417,手作,3,烹飪,,親子,6,,F,
1-Apr,10734.97,9877.16,10906.41,9375.72,272.38M,8.67%,242,,12,328,1352,手搖,3,理財,,戲劇綜藝,26,,M,
1-May,10911.94,10734.05,11350.05,10673.22,214.03M,1.65%,241,,13,120,1305,台中,1,速食,,韓星,1,,F,
1-Jun,10502.4,10913.57,11196.53,10394.72,249.67M,-3.75%,240,,14,13,1246,有趣,122,插畫,,寵物,27,,M,
1-Jul,10522.81,10504.95,10679.12,10120.89,230.02M,0.19%,239,,15,96,1157,考試,2,減肥,,護理,4,,F,
1-Aug,9949.75,10527.38,10609.65,9869.14,185.20M,-5.45%,238,,16,173,1091,汽機車,1,,,,,,M,
1-Sep,8847.56,9946.98,10182.38,8062.34,393.05M,-11.08%,237,,17,55,1008,男生穿搭,1,,,,,,F,
1-Oct,9075.14,8845.97,9598.17,8732.14,259.44M,2.57%,236,,18,88,994,居家生活,21,,,,,,F,
1-Nov,9851.56,9087.45,9992.79,9014.46,235.38M,8.56%,235,,19,56,965,武漢肺炎,3,,,,,,F,
1-Dec,10021.57,9848.93,10184.45,9703.9,222.48M,1.73%,234,,20,88,926,星座,1,,,,,,F,
2-Jan,9920,10021.71,10300.15,9529.46,248.94M,-1.01%,233,,21,54,918,研究所,1,,,,,,M,
2-Feb,10106.13,9923.04,10255.24,9580.32,259.03M,1.88%,232,,22,39,850,穿搭,36,,,,,,F,
2-Mar,10403.94,10111.04,10673.1,10111.04,238.46M,2.95%,231,,23,1737,848,,,,,,,,F,
2-Apr,9946.22,10402.07,10402.07,9811.57,244.69M,-4.40%,230,,24,53,846,,,,,,,,F,
2-May,9925.25,9944.9,10353.43,9802.23,228.30M,-0.21%,229,,25,73,845,,,,,,,,F,
2-Jun,9243.26,9923.94,9986.49,8926.57,305.77M,-6.87%,228,,26,49,838,,,,,,,,M,
2-Jul,8736.59,9239.25,9410.38,7532.66,365.58M,-5.48%,227,,27,20,763,,,,,,,,M,
2-Aug,8663.5,8732.58,9077.01,8030.82,262.20M,-0.84%,226,,28,107,718,,,,,,,,F,
2-Sep,7591.93,8659.27,8726.9,7460.78,298.76M,-12.37%,225,,29,56,712,,,,,,,,F,
2-Oct,8397.03,7593.04,8558.63,7197.49,338.71M,10.60%,224,,30,82,696,,,,,,,,F,
2-Nov,8896.09,8395.64,8950.33,8298.68,276.00M,5.94%,223,,1,113,3651,,,,,,,,F,
2-Dec,8341.63,8902.95,9043.37,8242.91,228.46M,-6.23%,222,,2,216,2724,,,,,,,,F,
3-Jan,8053.81,8342.38,8869.29,7917.16,273.05M,-3.45%,221,,3,114,2658,,,,,,,,F,
3-Feb,7891.08,8053.74,8152.53,7628.99,245.44M,-2.02%,220,,4,5157,2383,,,,,,,,F,
3-Mar,7992.13,7890.24,8522.18,7416.64,281.79M,1.28%,219,,5,573,2300,,,,,,,,F,
3-Apr,8480.09,7992.83,8559.77,7979.69,256.26M,6.11%,218,,6,199,1950,,,,,,,,M,
3-May,8850.26,8478.48,8868.33,8340.23,234.92M,4.37%,217,,7,203,1944,,,,,,,,F,
3-Jun,8985.44,8851.45,9352.77,8851.45,248.18M,1.53%,216,,8,113,1692,,,,,,,,M,
3-Jul,9233.8,8983.66,9361.4,8871.2,234.33M,2.76%,215,,9,65,1619,,,,,,,,M,
3-Aug,9415.82,9232.68,9499.97,8997.11,3.81B,1.97%,214,,10,278,1581,,,,,,,,F,
3-Sep,9275.06,9416.67,9686.08,9230.47,4.39B,-1.49%,213,,11,540,1572,,,,,,,,F,
3-Oct,9801.12,9276.8,9850.01,9276.8,4.79B,5.67%,212,,12,176,1545,,,,,,,,F,
3-Nov,9782.46,9802.46,9903.57,9585.5,3.55B,-0.19%,211,,13,296,1441,,,,,,,,F,
3-Dec,10453.92,9785.35,10462.44,9785.35,4.17B,6.86%,210,,14,304,1341,,,,,,,,M,
4-Jan,10488.07,10452.74,10705.18,10367.41,4.38B,0.33%,209,,15,208,1296,,,,,,,,F,
4-Feb,10583.92,10487.78,10753.63,10434.67,3.82B,0.91%,208,,16,382,1291,,,,,,,,F,
4-Mar,10357.7,10582.25,10695.55,10007.49,4.97B,-2.14%,207,,17,37,1192,,,,,,,,F,
4-Apr,10225.57,10357.52,10570.81,10219.18,4.53B,-1.28%,206,,18,101,1176,,,,,,,,M,
4-May,10188.45,10227.27,10386.32,9852.19,4.02B,-0.36%,205,,19,93,1105,,,,,,,,F,
4-Jun,10435.48,10187.18,10487.54,10134.86,4.11B,2.42%,204,,20,337,1087,,,,,,,,F,
4-Jul,10139.71,10434,10448.09,9913.92,4.45B,-2.83%,203,,21,147,1068,,,,,,,,F,
4-Aug,10173.92,10138.45,10211.25,9783.91,3.72B,0.34%,202,,22,37,964,,,,,,,,M,
4-Sep,10080.27,10170.12,10363.36,9977.92,4.63B,-0.92%,201,,23,64,937,,,,,,,,M,
4-Oct,10027.47,10082.04,10270.37,9708.4,5.29B,-0.52%,200,,24,74,889,,,,,,,,F,
4-Nov,10428.02,10028.73,10602.85,10010.15,5.61B,3.99%,199,,25,112,873,,,,,,,,F,
4-Dec,10783.01,10425.8,10868.07,10418.63,5.74B,3.40%,198,,26,82,859,,,,,,,,F,
5-Jan,10489.94,10783.75,10867.39,10368.61,5.30B,-2.72%,197,,27,151,849,,,,,,,,M,
5-Feb,10766.23,10489.72,10853.43,10489.64,5.04B,2.63%,196,,28,130,832,,,,,,,,M,
5-Mar,10503.76,10769.04,10984.46,10396.24,5.82B,-2.44%,195,,29,51,764,,,,,,,,F,
5-Apr,10192.51,10504.57,10568.93,10000.46,5.85B,-2.96%,194,,30,111,755,,,,,,,,F,
5-May,10467.48,10192,10560.81,10075.55,4.84B,2.70%,193,,1,1362,7089,,,,,,,,F,
5-Jun,10274.97,10462.86,10656.29,10253.49,5.03B,-1.84%,192,,2,662,6876,,,,,,,,F,
5-Jul,10640.91,10273.59,10717.73,10175.4,4.82B,3.56%,191,,3,235,5077,,,,,,,,F,
5-Aug,10481.6,10641.78,10719.41,10349.37,5.08B,-1.50%,190,,4,77,3346,,,,,,,,M,
5-Sep,10568.7,10481.44,10701.81,10350.96,5.22B,0.83%,189,,5,92,2435,,,,,,,,F,
5-Oct,10440.07,10569.5,10608.56,10156.46,5.83B,-1.22%,188,,6,118,2186,,,,,,,,F,
5-Nov,10805.87,10437.51,10959.79,10388.76,5.39B,3.50%,187,,7,76,2061,,,,,,,,F,
5-Dec,10717.5,10806.03,10940.34,10709.42,5.22B,-0.82%,186,,8,328,1735,,,,,,,,F,
6-Jan,10864.86,10718.3,11047.76,10661.15,6.43B,1.37%,185,,9,130,1707,,,,,,,,F,
6-Feb,10993.41,10862.14,11159.18,10737.67,5.76B,1.18%,184,,10,195,1634,,,,,,,,F,
6-Mar,11109.32,10993.25,11334.96,10922.73,6.68B,1.05%,183,,11,107,1600,,,,,,,,F,
6-Apr,11367.14,11113,11417.66,11039.12,5.58B,2.32%,182,,12,68,1557,,,,,,,,M,
6-May,11168.31,11367.78,11670.19,11030.47,7.30B,-1.75%,181,,13,198,1459,,,,,,,,F,
6-Jun,11150.22,11169.03,11285.82,10698.85,6.92B,-0.16%,180,,14,69,1432,,,,,,,,F,
6-Jul,11185.68,11149.34,11257.08,10683.32,5.55B,0.32%,179,,15,86,1265,,,,,,,,F,
6-Aug,11381.15,11184.8,11407.08,11042.64,4.62B,1.75%,178,,16,147,1264,,,,,,,,F,
6-Sep,11679.07,11382.75,11741.99,11323.84,4.49B,2.62%,177,,17,45,1212,,,,,,,,F,
6-Oct,12080.73,11678.99,12167.02,11653.06,5.54B,3.44%,176,,18,46,1174,,,,,,,,F,
6-Nov,12221.93,12080.25,12361,11965.31,4.72B,1.17%,175,,19,186,1154,,,,,,,,M,
6-Dec,12463.15,12220.97,12529.88,12089.98,4.34B,1.97%,174,,20,43,1147,,,,,,,,F,
7-Jan,12621.69,12459.54,12657.02,12337.37,4.99B,1.27%,173,,21,398,1083,,,,,,,,F,
7-Feb,12268.63,12617.2,12795.93,12086.06,4.35B,-2.80%,172,,22,32,1069,,,,,,,,F,
7-Mar,12354.35,12265.59,12511.05,11939.61,5.63B,0.70%,171,,23,55,1058,,,,,,,,F,
7-Apr,13062.91,12354.52,13162.06,12324.28,4.82B,5.74%,170,,24,118,1054,,,,,,,,F,
7-May,13627.64,13062.75,13673.07,13041.3,4.99B,4.32%,169,,25,44,1051,,,,,,,,F,
7-Jun,13408.62,13628.69,13692,13251.53,5.22B,-1.61%,168,,26,28,1048,,,,,,,,F,
7-Jul,13211.99,13409.6,14021.95,13199.79,5.51B,-1.47%,167,,27,177,1030,,,,,,,,M,
7-Aug,13357.74,13211.09,13695.82,12517.94,6.20B,1.10%,166,,28,54,982,,,,,,,,F,
7-Sep,13895.63,13358.39,13924.81,13021.93,4.33B,4.03%,165,,29,41,959,,,,,,,,F,
7-Oct,13930.01,13895.71,14198.1,13407.49,5.01B,0.25%,164,,30,734,955,,,,,,,,M,
7-Nov,13371.72,13924.16,13924.16,12724.09,5.98B,-4.01%,163,,1,138,4152,,,,,,,,F,
7-Dec,13264.82,13368.22,13780.11,13092,4.31B,-0.80%,162,,2,744,3677,,,,,,,,F,
8-Jan,12650.36,13261.82,13279.54,11634.82,7.46B,-4.63%,161,,3,119,3139,,,,,,,,M,
8-Feb,12266.39,12638.17,12767.74,12069.47,5.72B,-3.04%,160,,4,79,2658,,,,,,,,F,
8-Mar,12262.89,12264.36,12622.07,11731.6,6.23B,-0.03%,159,,5,128,2638,,,,,,,,F,
8-Apr,12820.13,12266.64,13010,12266.47,5.05B,4.54%,158,,6,111,2309,,,,,,,,F,
8-May,12638.32,12818.34,13136.69,12442.59,4.53B,-1.42%,157,,7,173,2292,,,,,,,,F,
8-Jun,11350.01,12637.67,12638.08,11287.56,5.31B,-10.19%,156,,8,71,2165,,,,,,,,F,
8-Jul,11378.02,11344.64,11698.17,10827.71,5.52B,0.25%,155,,9,531,2114,,,,,,,,F,
8-Aug,11543.55,11379.89,11867.11,11221.53,3.58B,1.45%,154,,10,276,2074,,,,,,,,M,
8-Sep,10850.66,11545.63,11790.17,10365.45,6.30B,-6.00%,153,,11,193,1887,,,,,,,,F,
8-Oct,9325.01,10847.4,10882.52,7882.51,8.31B,-14.06%,152,,12,86,1422,,,,,,,,F,
8-Nov,8829.04,9326.04,9653.95,7449.38,6.26B,-5.32%,151,,13,82,1347,,,,,,,,F,
8-Dec,8776.39,8826.89,9026.41,8118.5,5.70B,-0.60%,150,,14,264,1285,,,,,,,,M,
9-Jan,8000.86,8772.25,9088.06,7909.03,6.26B,-8.84%,149,,15,37,1230,,,,,,,,F,
9-Feb,7062.93,8000.62,8315.07,7033.62,7.13B,-11.72%,148,,16,263,1228,,,,,,,,F,
9-Mar,7608.92,7056.48,7931.33,6469.95,10.56B,7.73%,147,,17,35,1122,,,,,,,,M,
9-Apr,8168.12,7606.13,8307.51,7483.87,7.80B,7.35%,146,,18,148,1081,,,,,,,,M,
9-May,8500.33,8167.41,8591.93,8099.31,6.73B,4.07%,145,,19,151,1059,,,,,,,,F,
9-Jun,8447,8501.53,8877.93,8259.43,5.52B,-0.63%,144,,20,117,1019,,,,,,,,M,
9-Jul,9171.61,8447.53,9246.43,8087.19,4.90B,8.58%,143,,21,46,915,,,,,,,,F,
9-Aug,9496.28,9173.65,9630.2,9116.52,4.04B,3.54%,142,,22,44,901,,,,,,,,F,
9-Sep,9712.28,9492.32,9917.99,9252.93,4.48B,2.27%,141,,23,12,884,,,,,,,,M,
9-Oct,9712.73,9711.6,10119.47,9430.08,5.15B,0.00%,140,,24,73,865,,,,,,,,F,
9-Nov,10344.84,9712.13,10495.61,9678.95,3.81B,6.51%,139,,25,213,808,,,,,,,,M,
9-Dec,10428.05,10343.82,10580.33,10235.63,4.17B,0.80%,138,,26,23,787,,,,,,,,F,
10-Jan,10067.33,10430.69,10729.89,10043.75,4.39B,-3.46%,137,,27,57,779,,,,,,,,M,
10-Feb,10325.26,10068.99,10438.55,9835.09,4.28B,2.56%,136,,28,55,706,,,,,,,,F,
10-Mar,10856.63,10326.1,10955.48,10326.1,4.39B,5.15%,135,,29,242,680,,,,,,,,F,
10-Apr,11008.61,10857.31,11258.01,10844.09,4.24B,1.40%,134,,30,30,617,,,,,,,,F,
10-May,10136.63,11009.6,11177.67,9774.48,5.61B,-7.92%,133,,1,3967,6320,,,,,,,,F,
10-Jun,9774.02,10133.94,10594.16,9753.84,4.94B,-3.58%,132,,2,165,3375,,,,,,,,F,
10-Jul,10465.94,9773.27,10584.99,9614.32,4.20B,7.08%,131,,3,271,3194,,,,,,,,F,
10-Aug,10014.72,10468.82,10719.94,9936.62,4.12B,-4.31%,130,,4,84,2718,,,,,,,,F,
10-Sep,10788.05,10016.01,10948.88,10016.01,3.76B,7.72%,129,,5,190,2555,,,,,,,,F,
10-Oct,11118.49,10789.72,11247.6,10711.12,3.79B,3.06%,128,,6,35,1999,,,,,,,,F,
10-Nov,11006.02,11120.3,11451.53,10929.28,3.81B,-1.01%,127,,7,240,1929,,,,,,,,F,
10-Dec,11577.51,11007.23,11625,11007.23,3.25B,5.19%,126,,8,508,1916,,,,,,,,F,
11-Jan,11891.93,11577.43,12020.52,11573.87,3.68B,2.72%,125,,9,71,1902,,,,,,,,M,
11-Feb,12226.34,11892.5,12391.29,11892.5,3.22B,2.81%,124,,10,57,1818,,,,,,,,F,
11-Mar,12319.73,12226.49,12383.46,11555.48,3.85B,0.76%,123,,11,177,1780,,,,,,,,M,
11-Apr,12810.54,12321.02,12832.83,12093.89,3.32B,3.98%,122,,12,754,1643,,,,,,,,M,
11-May,12569.79,12810.16,12876,12309.52,3.58B,-1.88%,121,,13,225,1608,,,,,,,,M,
11-Jun,12414.34,12569.41,12569.49,11862.53,3.88B,-1.24%,120,,14,122,1535,,,,,,,,F,
11-Jul,12143.24,12412.07,12753.89,12083.45,3.09B,-2.18%,119,,15,254,1438,,,,,,,,F,
11-Aug,11613.53,12144.22,12282.42,10604.07,6.20B,-4.36%,118,,16,168,1392,,,,,,,,F,
11-Sep,10913.38,11613.3,11716.84,10597.14,4.40B,-6.03%,117,,17,179,1391,,,,,,,,F,
11-Oct,11955.01,10912.1,12284.31,10404.49,3.91B,9.54%,116,,18,84,1373,,,,,,,,M,
11-Nov,12045.68,11951.53,12187.51,11231.56,3.40B,0.76%,115,,19,37,1318,,,,,,,,M,
11-Dec,12217.56,12046.21,12328.47,11735.19,3.15B,1.43%,114,,20,146,1311,,,,,,,,F,
12-Jan,12632.91,12221.19,12841.95,12221.19,2.98B,3.40%,113,,21,41,1257,,,,,,,,M,
12-Feb,12952.07,12632.76,13055.75,12632.76,2.71B,2.53%,112,,22,63,1243,,,,,,,,F,
12-Mar,13212.04,12952.29,13289.08,12734.86,3.20B,2.01%,111,,23,183,1135,,,,,,,,F,
12-Apr,13213.63,13211.36,13297.11,12710.56,2.57B,0.01%,110,,24,365,1088,,,,,,,,F,
12-May,12393.45,13214.16,13338.66,12311.56,3.05B,-6.21%,109,,25,38,1072,,,,,,,,F,
12-Jun,12880.09,12391.56,12898.94,12035.09,2.92B,3.93%,108,,26,162,1069,,,,,,,,M,
12-Jul,13008.68,12879.71,13128.64,12492.25,2.58B,1.00%,107,,27,23,1033,,,,,,,,F,
12-Aug,13090.84,13007.47,13330.76,12778.9,2.27B,0.63%,106,,28,76,1033,,,,,,,,M,
12-Sep,13437.13,13092.15,13653.24,12977.09,2.70B,2.65%,105,,29,135,979,,,,,,,,M,
12-Oct,13096.46,13437.66,13661.87,13039.86,2.47B,-2.54%,104,,30,48,965,,,,,,,,F,
12-Nov,13025.58,13099.19,13290.75,12471.49,2.68B,-0.54%,103,,1,313,4003,,,,,,,,M,
12-Dec,13104.14,13027.73,13365.86,12883.89,2.67B,0.60%,102,,2,179,3127,,,,,,,,F,
13-Jan,13860.58,13104.3,13969.99,13104.3,2.79B,5.77%,101,,3,220,2757,,,,,,,,M,
13-Feb,14054.49,13860.58,14149.15,13784.01,2.49B,1.40%,100,,4,92,2746,,,,,,,,M,
13-Mar,14578.54,14054.49,14585.1,13937.6,2.55B,3.73%,99,,5,296,2633,,,,,,,,M,
13-Apr,14839.8,14578.54,14887.51,14434.43,2.92B,1.79%,98,,6,119,2587,,,,,,,,F,
13-May,15115.57,14839.8,15542.4,14687.05,2.77B,1.86%,97,,7,147,2271,,,,,,,,F,
13-Jun,14909.6,15123.55,15340.09,14551.27,2.93B,-1.36%,96,,8,102,2077,,,,,,,,F,
13-Jul,15499.54,14911.6,15634.32,14858.93,2.57B,3.96%,95,,9,166,1730,,,,,,,,M,
13-Aug,14810.31,15503.85,15658.43,14760.41,2.33B,-4.45%,94,,10,84,1728,,,,,,,,F,
13-Sep,15129.67,14801.55,15709.58,14777.48,2.37B,2.16%,93,,11,69,1391,,,,,,,,M,
13-Oct,15545.75,15132.49,15721,14719.43,2.21B,2.75%,92,,12,33,1272,,,,,,,,F,
13-Nov,16086.41,15558.01,16174.51,15522.18,1.82B,3.48%,91,,13,76,1226,,,,,,,,F,
13-Dec,16576.66,16087.12,16588.25,15703.79,2.06B,3.05%,90,,14,161,1208,,,,,,,,F,
14-Jan,15698.85,16572.17,16573.07,15617.55,2.18B,-5.30%,89,,15,137,1096,,,,,,,,F,
14-Feb,16321.71,15697.69,16398.95,15340.69,2.07B,3.97%,88,,16,59,1045,,,,,,,,F,
14-Mar,16457.66,16321.71,16505.7,16046.99,2.10B,0.83%,87,,17,20,1041,,,,,,,,F,
14-Apr,16580.84,16458.05,16631.63,16015.32,1.99B,0.75%,86,,18,131,1015,,,,,,,,F,
14-May,16717.17,16580.26,16735.51,16341.3,1.64B,0.82%,85,,19,59,953,,,,,,,,F,
14-Jun,16826.6,16716.85,16978.02,16673.65,1.76B,0.65%,84,,20,345,892,,,,,,,,F,
14-Jul,16563.3,16828.53,17151.56,16563.3,1.69B,-1.56%,83,,21,19,882,,,,,,,,F,
14-Aug,17098.45,16561.7,17153.8,16333.78,1.48B,3.23%,82,,22,88,871,,,,,,,,F,
14-Sep,17042.9,17097.42,17350.64,16934.43,1.87B,-0.32%,81,,23,65,859,,,,,,,,F,
14-Oct,17390.52,17040.46,17395.54,15855.12,2.31B,2.04%,80,,24,136,842,,,,,,,,F,
14-Nov,17828.24,17390.9,17894.83,17278.36,1.52B,2.52%,79,,25,167,802,,,,,,,,D,
14-Dec,17823.07,17827.27,18103.45,17067.59,2.22B,-0.03%,78,,26,19,798,,,,,,,,F,
15-Jan,17164.95,17823.07,17951.78,17136.3,2.17B,-3.69%,77,,27,75,761,,,,,,,,F,
15-Feb,18132.7,17169.99,18244.38,17037.76,1.75B,5.64%,76,,28,11,744,,,,,,,,F,
15-Mar,17776.12,18134.05,18288.63,17579.27,2.47B,-1.97%,75,,29,25,726,,,,,,,,F,
15-Apr,17840.52,17778.52,18175.56,17585.01,2.17B,0.36%,74,,30,212,712,,,,,,,,F,
15-May,18010.68,17859.27,18351.36,17733.12,1.83B,0.95%,73,,1,129,4083,,,,,,,,M,
15-Jun,17619.51,18017.82,18188.81,17576.5,2.22B,-2.17%,72,,2,204,3708,,,,,,,,F,
15-Jul,17689.86,17638.12,18137.12,17399.17,2.03B,0.40%,71,,3,520,2932,,,,,,,,F,
15-Aug,16528.03,17696.74,17704.76,15370.33,2.73B,-6.57%,70,,4,256,2693,,,,,,,,M,
15-Sep,16284.7,16528.03,16933.43,15942.37,2.72B,-1.47%,69,,5,187,1864,,,,,,,,M,
15-Oct,17663.54,16278.62,17799.96,16013.66,2.61B,8.47%,68,,6,498,1862,,,,,,,,F,
15-Nov,17719.92,17672.62,17977.85,17210.43,2.30B,0.32%,67,,7,25,1575,,,,,,,,M,
15-Dec,17425.03,17719.72,17901.58,17116.73,2.52B,-1.66%,66,,8,22,1406,,,,,,,,M,
16-Jan,16466.3,17405.48,17405.48,15450.56,2.84B,-5.50%,65,,9,243,1298,,,,,,,,F,
16-Feb,16516.5,16453.63,16795.98,15503.01,2.49B,0.30%,64,,10,62,1272,,,,,,,,F,
16-Mar,17685.09,16545.67,17790.11,16545.67,2.41B,7.08%,63,,11,71,1179,,,,,,,,F,
16-Apr,17773.64,17661.74,18167.63,17484.23,2.10B,0.50%,62,,12,83,1170,,,,,,,,F,
16-May,17787.2,17783.78,17934.61,17331.07,1.88B,0.08%,61,,13,17,1116,,,,,,,,F,
16-Jun,17929.99,17754.55,18016,17063.08,2.35B,0.80%,60,,14,301,1114,,,,,,,,F,
16-Jul,18432.24,17924.24,18622.01,17713.45,1.82B,2.80%,59,,15,127,1083,,,,,,,,F,
16-Aug,18400.88,18434.5,18668.44,18247.79,1.70B,-0.17%,58,,16,58,1064,,,,,,,,F,
16-Sep,18308.15,18396.57,18551.54,17992.21,2.10B,-0.50%,57,,17,117,1022,,,,,,,,F,
16-Oct,18142.42,18279.6,18399.96,17959.95,1.79B,-0.91%,56,,18,134,1018,,,,,,,,F,
16-Nov,19123.58,18158.24,19225.29,17883.56,2.11B,5.41%,55,,19,37,996,,,,,,,,M,
16-Dec,19762.6,19149.2,19987.63,19138.79,5.95B,3.34%,54,,20,275,987,,,,,,,,F,
17-Jan,19864.09,19872.86,20125.58,19677.94,6.48B,0.51%,53,,21,419,970,,,,,,,,F,
17-Feb,20812.24,19923.81,20851.33,19831.09,6.19B,4.77%,52,,22,79,947,,,,,,,,F,
17-Mar,20663.22,20957.29,21169.11,20412.8,6.94B,-0.72%,51,,23,82,862,,,,,,,,F,
17-Apr,20940.51,20665.17,21070.9,20379.55,5.39B,1.34%,50,,24,22,859,,,,,,,,M,
17-May,21008.65,20962.73,21112.32,20553.45,6.61B,0.33%,49,,25,35,820,,,,,,,,F,
17-Jun,21349.63,21030.55,21535.03,20994.22,7.21B,1.62%,48,,26,144,801,,,,,,,,F,
17-Jul,21891.12,21392.3,21929.8,21279.3,5.57B,2.54%,47,,27,142,761,,,,,,,,M,
17-Aug,21948.1,21961.42,22179.11,21600.34,6.15B,0.26%,46,,28,82,723,,,,,,,,M,
17-Sep,22405.09,21981.77,22419.51,21709.63,6.34B,2.08%,45,,29,271,706,,,,,,,,F,
17-Oct,23377.24,22423.47,23485.25,22416,7.30B,4.34%,44,,30,55,670,,,,,,,,F,
17-Nov,24272.35,23442.9,24327.82,23242.75,7.34B,3.83%,43,,1,63,3970,,,,,,,,F,
17-Dec,24719.22,24305.4,24876.07,23921.9,6.59B,1.84%,42,,2,127,2446,,,,,,,,F,
18-Jan,26149.39,24809.35,26616.71,24741.7,9.12B,5.79%,41,,3,79,2180,,,,,,,,M,
18-Feb,25029.2,26083.04,26306.7,23360.29,9.45B,-4.28%,40,,4,284,1819,,,,,,,,M,
18-Mar,24103.11,25024.04,25449.15,23509.06,8.87B,-3.70%,39,,5,62,1759,,,,,,,,M,
18-Apr,24163.15,24076.6,24858.97,23344.52,8.06B,0.25%,38,,6,599,1665,,,,,,,,M,
18-May,24415.84,24117.29,25086.49,23531.31,7.28B,1.05%,37,,7,68,1636,,,,,,,,F,
18-Jun,24271.41,24542.09,25402.83,23997.21,7.41B,-0.59%,36,,8,155,1560,,,,,,,,F,
18-Jul,25415.19,24161.53,25587.24,24077.56,5.41B,4.71%,35,,9,35,1303,,,,,,,,M,
18-Aug,25964.82,25461.63,26167.94,24965.77,5.64B,2.16%,34,,10,35,1232,,,,,,,,F,
18-Sep,26458.31,25916.07,26769.16,25754.32,5.26B,1.90%,33,,11,668,1227,,,,,,,,F,
18-Oct,25115.76,26598.36,26951.81,24122.23,8.37B,-5.07%,32,,12,99,1227,,,,,,,,F,
18-Nov,25538.46,25142.08,26277.82,24268.74,7.23B,1.68%,31,,13,106,1083,,,,,,,,M,
18-Dec,23327.46,25779.57,25980.21,21712.53,8.10B,-8.66%,30,,14,358,1030,,,,,,,,F,
19-Jan,24999.67,23058.61,25109.62,22638.41,7.19B,7.17%,29,,15,24,987,,,,,,,,M,
19-Feb,25916,25025.31,26241.42,24883.04,5.43B,3.67%,28,,16,111,919,,,,,,,,F,
19-Mar,25928.68,26019.67,26155.98,25208,6.63B,0.05%,27,,17,72,892,,,,,,,,M,
19-Apr,26592.91,26075.1,26695.96,26062.59,5.85B,2.56%,26,,18,33,859,,,,,,,,F,
19-May,24815.04,26639.06,26689.39,24809.51,6.36B,-6.69%,25,,19,40,842,,,,,,,,F,
19-Jun,26599.96,24830.16,26907.37,24680.57,5.54B,7.19%,24,,20,108,835,,,,,,,,F,
19-Jul,26864.27,26805.86,27398.68,26616.21,5.27B,0.99%,23,,21,30,791,,,,,,,,F,
19-Aug,26403.28,26879.86,27175.59,25339.6,6.24B,-1.72%,22,,22,52,740,,,,,,,,M,
19-Sep,26916.83,26198.26,27306.73,25978.22,5.09B,1.95%,21,,23,60,697,,,,,,,,F,
19-Oct,27046.23,26962.54,27204.36,25743.46,5.72B,0.48%,20,,24,70,685,,,,,,,,M,
19-Nov,28051.41,27142.95,28174.97,27142.95,4.98B,3.72%,19,,25,38,666,,,,,,,,F,
19-Dec,28538.44,28109.74,28701.66,27325.13,5.14B,1.74%,18,,26,112,661,,,,,,,,F,
20-Jan,28256.03,28638.97,29373.62,28169.53,6.27B,-0.99%,17,,27,94,657,,,,,,,,F,
20-Feb,25409.36,28319.65,29568.57,24681.01,7.05B,-10.07%,16,,28,35,656,,,,,,,,F,
20-Mar,21917.16,25590.51,27102.34,18213.65,15.60B,-13.74%,15,,29,86,648,,,,,,,,M,
20-Apr,24345.72,21227.38,24764.77,20735.02,9.88B,11.08%,14,,30,108,643,,,,,,,,F,
20-May,25383.11,24120.78,25758.79,22789.62,8.01B,4.26%,13,,1,137,4939,,,,,,,,M,
20-Jun,25812.88,25342.99,27580.21,24843.18,9.82B,1.69%,12,,2,72,3877,,,,,,,,M,
20-Jul,26428.32,25879.38,27071.33,25523.51,8.27B,2.38%,11,,3,230,3783,,,,,,,,F,
20-Aug,28430.05,26542.32,28733.35,26534.38,7.51B,7.57%,10,,4,133,2808,,,,,,,,F,
20-Sep,27781.7,28439.61,29199.35,26537.01,10.05B,-2.28%,9,,5,774,2608,,,,,,,,F,
20-Oct,26501.6,27940.63,28957.9,26143.77,8.51B,-4.61%,8,,6,41,2295,,,,,,,,F,
20-Nov,29638.64,26691.28,30116.51,26691.28,7.92B,11.84%,7,,7,50,2275,,,,,,,,M,
20-Dec,30606.48,29797.5,30637.47,29599.29,8.18B,3.27%,6,,8,239,2237,,,,,,,,F,
21-Jan,29982.62,30627.47,31272.22,29856.3,8.22B,-2.04%,5,,9,870,1853,,,,,,,,F,
21-Feb,30932.37,30054.73,32009.64,30014.97,6.77B,3.17%,4,,10,575,1780,,,,,,,,M,
21-Mar,32981.55,31065.9,33259,30547.53,9.79B,6.62%,3,,11,410,1694,,,,,,,,F,
21-Apr,33879,33054.58,34254.8,32986.61,409.60M,2.72%,2,,12,140,1524,,,,,,,,M,
21-May,34529.45,34045.46,35091.08,33473.8,290.85M,1.92%,1,,13,38,1437,,,,,,,,F,
,,,,,,,,,14,22,1394,,,,,,,,F,
,,,,,,,,,15,367,1353,,,,,,,,F,
,,,,,,,,,16,112,1222,,,,,,,,M,
,,,,,,,,,17,241,1221,,,,,,,,M,
,,,,,,,,,18,39,1208,,,,,,,,F,
,,,,,,,,,19,128,1188,,,,,,,,F,
,,,,,,,,,20,129,1096,,,,,,,,M,
,,,,,,,,,21,130,1046,,,,,,,,F,
,,,,,,,,,22,35,1027,,,,,,,,F,
,,,,,,,,,23,35,998,,,,,,,,F,
,,,,,,,,,24,224,977,,,,,,,,F,
,,,,,,,,,25,25,923,,,,,,,,F,
,,,,,,,,,26,25,900,,,,,,,,F,
,,,,,,,,,27,77,858,,,,,,,,M,
,,,,,,,,,28,22,855,,,,,,,,M,
,,,,,,,,,29,159,845,,,,,,,,F,
,,,,,,,,,30,50,842,,,,,,,,F,
,,,,,,,,,1,961,5510,,,,,,,,F,
,,,,,,,,,2,488,4148,,,,,,,,M,
,,,,,,,,,3,78,2998,,,,,,,,M,
,,,,,,,,,4,528,2733,,,,,,,,F,
,,,,,,,,,5,103,2729,,,,,,,,M,
,,,,,,,,,6,146,2534,,,,,,,,M,
,,,,,,,,,7,77,2139,,,,,,,,F,
,,,,,,,,,8,65,2124,,,,,,,,M,
,,,,,,,,,9,92,2019,,,,,,,,F,
,,,,,,,,,10,40,1476,,,,,,,,F,
,,,,,,,,,11,33,1407,,,,,,,,F,
,,,,,,,,,12,171,1384,,,,,,,,F,
,,,,,,,,,13,60,1373,,,,,,,,M,
,,,,,,,,,14,198,1332,,,,,,,,F,
,,,,,,,,,15,221,1329,,,,,,,,F,
,,,,,,,,,16,331,1292,,,,,,,,F,
,,,,,,,,,17,248,1252,,,,,,,,F,
,,,,,,,,,18,147,1212,,,,,,,,F,
,,,,,,,,,19,55,1185,,,,,,,,F,
,,,,,,,,,20,312,1131,,,,,,,,F,
,,,,,,,,,21,47,1099,,,,,,,,F,
,,,,,,,,,22,57,1070,,,,,,,,F,
,,,,,,,,,23,91,979,,,,,,,,F,
,,,,,,,,,24,71,964,,,,,,,,M,
,,,,,,,,,25,32,956,,,,,,,,F,
,,,,,,,,,26,140,913,,,,,,,,F,
,,,,,,,,,27,70,908,,,,,,,,M,
,,,,,,,,,28,129,903,,,,,,,,F,
,,,,,,,,,29,106,881,,,,,,,,F,
,,,,,,,,,30,34,858,,,,,,,,F,
,,,,,,,,,1,210,3144,,,,,,,,M,
,,,,,,,,,2,22,2444,,,,,,,,F,
,,,,,,,,,3,48,2246,,,,,,,,F,
,,,,,,,,,4,155,2036,,,,,,,,F,
,,,,,,,,,5,238,2010,,,,,,,,F,
,,,,,,,,,6,113,1795,,,,,,,,F,
,,,,,,,,,7,97,1628,,,,,,,,F,
,,,,,,,,,8,89,1585,,,,,,,,F,
,,,,,,,,,9,42,1581,,,,,,,,F,
,,,,,,,,,10,231,1525,,,,,,,,M,
,,,,,,,,,11,60,1380,,,,,,,,F,
,,,,,,,,,12,93,1296,,,,,,,,F,
,,,,,,,,,13,89,1213,,,,,,,,M,
,,,,,,,,,14,61,1041,,,,,,,,F,
,,,,,,,,,15,366,992,,,,,,,,F,
,,,,,,,,,16,78,985,,,,,,,,F,
,,,,,,,,,17,35,929,,,,,,,,F,
,,,,,,,,,18,94,926,,,,,,,,M,
,,,,,,,,,19,169,900,,,,,,,,F,
,,,,,,,,,20,58,900,,,,,,,,F,
,,,,,,,,,21,109,894,,,,,,,,F,
,,,,,,,,,22,74,803,,,,,,,,M,
,,,,,,,,,23,23,791,,,,,,,,F,
,,,,,,,,,24,93,778,,,,,,,,M,
,,,,,,,,,25,58,778,,,,,,,,F,
,,,,,,,,,26,117,756,,,,,,,,M,
,,,,,,,,,27,68,750,,,,,,,,F,
,,,,,,,,,28,23,715,,,,,,,,M,
,,,,,,,,,29,48,691,,,,,,,,F,
,,,,,,,,,30,225,688,,,,,,,,M,
,,,,,,,,,1,86,4747,,,,,,,,M,
,,,,,,,,,2,275,2627,,,,,,,,M,
,,,,,,,,,3,110,1920,,,,,,,,F,
,,,,,,,,,4,139,1843,,,,,,,,F,
,,,,,,,,,5,57,1662,,,,,,,,F,
,,,,,,,,,6,66,1631,,,,,,,,F,
,,,,,,,,,7,544,1501,,,,,,,,M,
,,,,,,,,,8,197,1431,,,,,,,,M,
,,,,,,,,,9,46,1324,,,,,,,,F,
,,,,,,,,,10,264,1258,,,,,,,,F,
,,,,,,,,,11,92,1247,,,,,,,,F,
,,,,,,,,,12,112,1222,,,,,,,,F,
,,,,,,,,,13,84,1148,,,,,,,,F,
,,,,,,,,,14,162,1145,,,,,,,,F,
,,,,,,,,,15,202,1122,,,,,,,,M,
,,,,,,,,,16,359,1037,,,,,,,,F,
,,,,,,,,,17,29,1029,,,,,,,,M,
,,,,,,,,,18,137,1022,,,,,,,,F,
,,,,,,,,,19,64,1019,,,,,,,,F,
,,,,,,,,,20,113,998,,,,,,,,M,
,,,,,,,,,21,43,996,,,,,,,,F,
,,,,,,,,,22,70,930,,,,,,,,M,
,,,,,,,,,23,35,898,,,,,,,,M,
,,,,,,,,,24,47,862,,,,,,,,F,
,,,,,,,,,25,69,808,,,,,,,,F,
,,,,,,,,,26,69,789,,,,,,,,F,
,,,,,,,,,27,107,787,,,,,,,,F,
,,,,,,,,,28,80,765,,,,,,,,M,
,,,,,,,,,29,59,763,,,,,,,,M,
,,,,,,,,,30,109,753,,,,,,,,M,
,,,,,,,,,1,158,9367,,,,,,,,M,
,,,,,,,,,2,203,9100,,,,,,,,M,
,,,,,,,,,3,162,2594,,,,,,,,M,
,,,,,,,,,4,189,2536,,,,,,,,F,
,,,,,,,,,5,876,2276,,,,,,,,F,
,,,,,,,,,6,175,2246,,,,,,,,F,
,,,,,,,,,7,171,2108,,,,,,,,F,
,,,,,,,,,8,290,2021,,,,,,,,F,
,,,,,,,,,9,126,2010,,,,,,,,M,
,,,,,,,,,10,114,1900,,,,,,,,M,
,,,,,,,,,11,34,1657,,,,,,,,F,
,,,,,,,,,12,488,1477,,,,,,,,F,
,,,,,,,,,13,113,1409,,,,,,,,M,
,,,,,,,,,14,53,1239,,,,,,,,F,
,,,,,,,,,15,92,1202,,,,,,,,F,
,,,,,,,,,16,45,1173,,,,,,,,F,
,,,,,,,,,17,30,1161,,,,,,,,F,
,,,,,,,,,18,71,1147,,,,,,,,F,
,,,,,,,,,19,46,901,,,,,,,,F,
,,,,,,,,,20,758,852,,,,,,,,F,
,,,,,,,,,21,49,832,,,,,,,,F,
,,,,,,,,,22,110,803,,,,,,,,F,
,,,,,,,,,23,86,796,,,,,,,,F,
,,,,,,,,,24,30,781,,,,,,,,M,
,,,,,,,,,25,299,766,,,,,,,,M,
,,,,,,,,,26,24,754,,,,,,,,M,
,,,,,,,,,27,107,751,,,,,,,,M,
,,,,,,,,,28,603,746,,,,,,,,F,
,,,,,,,,,29,42,739,,,,,,,,F,
,,,,,,,,,30,79,713,,,,,,,,F,
,,,,,,,,,1,92,4019,,,,,,,,M,
,,,,,,,,,2,164,3843,,,,,,,,M,
,,,,,,,,,3,568,3719,,,,,,,,M,
,,,,,,,,,4,506,3281,,,,,,,,F,
,,,,,,,,,5,65,2628,,,,,,,,F,
,,,,,,,,,6,544,2330,,,,,,,,F,
,,,,,,,,,7,487,2292,,,,,,,,F,
,,,,,,,,,8,169,1642,,,,,,,,F,
,,,,,,,,,9,56,1447,,,,,,,,M,
,,,,,,,,,10,154,1399,,,,,,,,F,
,,,,,,,,,11,181,1225,,,,,,,,M,
,,,,,,,,,12,127,1062,,,,,,,,M,
,,,,,,,,,13,41,1059,,,,,,,,M,
,,,,,,,,,14,56,1047,,,,,,,,F,
,,,,,,,,,15,102,937,,,,,,,,F,
,,,,,,,,,16,100,920,,,,,,,,F,
,,,,,,,,,17,30,918,,,,,,,,F,
,,,,,,,,,18,28,893,,,,,,,,M,
,,,,,,,,,19,287,891,,,,,,,,F,
,,,,,,,,,20,64,838,,,,,,,,F,
,,,,,,,,,21,37,835,,,,,,,,F,
,,,,,,,,,22,61,832,,,,,,,,F,
,,,,,,,,,23,131,802,,,,,,,,F,
,,,,,,,,,24,220,799,,,,,,,,F,
,,,,,,,,,25,46,793,,,,,,,,F,
,,,,,,,,,26,67,776,,,,,,,,F,
,,,,,,,,,27,191,766,,,,,,,,M,
,,,,,,,,,28,11,724,,,,,,,,M,
,,,,,,,,,29,38,722,,,,,,,,F,
,,,,,,,,,30,42,707,,,,,,,,F,
,,,,,,,,,1,403,6590,,,,,,,,F,
,,,,,,,,,2,363,4196,,,,,,,,F,
,,,,,,,,,3,182,3022,,,,,,,,F,
,,,,,,,,,4,109,2810,,,,,,,,F,
,,,,,,,,,5,20,1962,,,,,,,,F,
,,,,,,,,,6,531,1738,,,,,,,,F,
,,,,,,,,,7,236,1618,,,,,,,,F,
,,,,,,,,,8,84,1565,,,,,,,,M,
,,,,,,,,,9,28,1412,,,,,,,,M,
,,,,,,,,,10,76,1281,,,,,,,,F,
,,,,,,,,,11,30,1233,,,,,,,,F,
,,,,,,,,,12,584,1180,,,,,,,,F,
,,,,,,,,,13,438,1113,,,,,,,,M,
,,,,,,,,,14,15,1013,,,,,,,,F,
,,,,,,,,,15,53,1010,,,,,,,,F,
,,,,,,,,,16,55,1000,,,,,,,,M,
,,,,,,,,,17,36,910,,,,,,,,F,
,,,,,,,,,18,153,862,,,,,,,,F,
,,,,,,,,,19,46,861,,,,,,,,F,
,,,,,,,,,20,98,847,,,,,,,,F,
,,,,,,,,,21,47,845,,,,,,,,M,
,,,,,,,,,22,50,823,,,,,,,,M,
,,,,,,,,,23,34,798,,,,,,,,F,
,,,,,,,,,24,74,758,,,,,,,,F,
,,,,,,,,,25,57,745,,,,,,,,M,
,,,,,,,,,26,147,738,,,,,,,,F,
,,,,,,,,,27,238,719,,,,,,,,M,
,,,,,,,,,28,71,709,,,,,,,,F,
,,,,,,,,,29,74,681,,,,,,,,M,
,,,,,,,,,30,124,680,,,,,,,,F,
,,,,,,,,,1,202,4282,,,,,,,,F,
,,,,,,,,,2,377,3141,,,,,,,,M,
,,,,,,,,,3,160,2818,,,,,,,,F,
,,,,,,,,,4,26,2674,,,,,,,,F,
,,,,,,,,,5,212,2195,,,,,,,,F,
,,,,,,,,,6,71,2099,,,,,,,,M,
,,,,,,,,,7,72,2001,,,,,,,,F,
,,,,,,,,,8,143,1882,,,,,,,,M,
,,,,,,,,,9,293,1822,,,,,,,,F,
,,,,,,,,,10,53,1664,,,,,,,,M,
,,,,,,,,,11,36,1618,,,,,,,,M,
,,,,,,,,,12,55,1583,,,,,,,,F,
,,,,,,,,,13,283,1400,,,,,,,,M,
,,,,,,,,,14,346,1317,,,,,,,,M,
,,,,,,,,,15,135,1225,,,,,,,,F,
,,,,,,,,,16,54,1191,,,,,,,,F,
,,,,,,,,,17,139,1031,,,,,,,,F,
,,,,,,,,,18,106,992,,,,,,,,F,
,,,,,,,,,19,547,925,,,,,,,,M,
,,,,,,,,,20,217,838,,,,,,,,M,
,,,,,,,,,21,123,818,,,,,,,,F,
,,,,,,,,,22,127,811,,,,,,,,M,
,,,,,,,,,23,35,795,,,,,,,,M,
,,,,,,,,,24,540,793,,,,,,,,F,
,,,,,,,,,25,61,793,,,,,,,,F,
,,,,,,,,,26,25,765,,,,,,,,F,
,,,,,,,,,27,169,764,,,,,,,,M,
,,,,,,,,,28,104,712,,,,,,,,M,
,,,,,,,,,29,65,712,,,,,,,,M,
,,,,,,,,,30,254,702,,,,,,,,F,
,,,,,,,,,1,323,3388,,,,,,,,M,
,,,,,,,,,2,241,3270,,,,,,,,F,
,,,,,,,,,3,91,3127,,,,,,,,F,
,,,,,,,,,4,100,2670,,,,,,,,F,
,,,,,,,,,5,220,2640,,,,,,,,F,
,,,,,,,,,6,33,2383,,,,,,,,M,
,,,,,,,,,7,101,1820,,,,,,,,M,
,,,,,,,,,8,232,1777,,,,,,,,M,
,,,,,,,,,9,75,1698,,,,,,,,F,
,,,,,,,,,10,85,1691,,,,,,,,F,
,,,,,,,,,11,42,1688,,,,,,,,F,
,,,,,,,,,12,625,1621,,,,,,,,M,
,,,,,,,,,13,93,1617,,,,,,,,M,
,,,,,,,,,14,299,1487,,,,,,,,F,
,,,,,,,,,15,67,1285,,,,,,,,F,
,,,,,,,,,16,52,1223,,,,,,,,F,
,,,,,,,,,17,98,1159,,,,,,,,F,
,,,,,,,,,18,180,1143,,,,,,,,F,
,,,,,,,,,19,45,1110,,,,,,,,F,
,,,,,,,,,20,135,1030,,,,,,,,F,
,,,,,,,,,21,144,1027,,,,,,,,F,
,,,,,,,,,22,168,999,,,,,,,,F,
,,,,,,,,,23,359,888,,,,,,,,M,
,,,,,,,,,24,62,819,,,,,,,,F,
,,,,,,,,,25,47,815,,,,,,,,M,
,,,,,,,,,26,78,804,,,,,,,,F,
,,,,,,,,,27,50,786,,,,,,,,F,
,,,,,,,,,28,45,779,,,,,,,,F,
,,,,,,,,,29,39,777,,,,,,,,F,
,,,,,,,,,30,48,745,,,,,,,,F,
,,,,,,,,,1,182,8831,,,,,,,,F,
,,,,,,,,,2,1060,4078,,,,,,,,F,
,,,,,,,,,3,65,2974,,,,,,,,F,
,,,,,,,,,4,358,2821,,,,,,,,F,
,,,,,,,,,5,142,2794,,,,,,,,F,
,,,,,,,,,6,605,2364,,,,,,,,F,
,,,,,,,,,7,263,2089,,,,,,,,M,
,,,,,,,,,8,108,2032,,,,,,,,F,
,,,,,,,,,9,744,1897,,,,,,,,F,
,,,,,,,,,10,93,1880,,,,,,,,F,
,,,,,,,,,11,84,1839,,,,,,,,F,
,,,,,,,,,12,69,1827,,,,,,,,M,
,,,,,,,,,13,132,1805,,,,,,,,F,
,,,,,,,,,14,382,1775,,,,,,,,M,
,,,,,,,,,15,66,1772,,,,,,,,F,
,,,,,,,,,16,151,1569,,,,,,,,F,
,,,,,,,,,17,22,1553,,,,,,,,F,
,,,,,,,,,18,169,1398,,,,,,,,F,
,,,,,,,,,19,123,1312,,,,,,,,F,
,,,,,,,,,20,97,1217,,,,,,,,F,
,,,,,,,,,21,34,1104,,,,,,,,F,
,,,,,,,,,22,263,1099,,,,,,,,F,
,,,,,,,,,23,77,1089,,,,,,,,M,
,,,,,,,,,24,89,975,,,,,,,,F,
,,,,,,,,,25,96,895,,,,,,,,M,
,,,,,,,,,26,77,860,,,,,,,,F,
,,,,,,,,,27,153,849,,,,,,,,M,
,,,,,,,,,28,184,811,,,,,,,,F,
,,,,,,,,,29,94,807,,,,,,,,F,
,,,,,,,,,30,67,801,,,,,,,,F,
,,,,,,,,,1,66,5279,,,,,,,,F,
,,,,,,,,,2,109,4836,,,,,,,,F,
,,,,,,,,,3,201,3427,,,,,,,,F,
,,,,,,,,,4,43,2963,,,,,,,,F,
,,,,,,,,,5,143,2755,,,,,,,,M,
,,,,,,,,,6,100,2644,,,,,,,,F,
,,,,,,,,,7,69,2490,,,,,,,,F,
,,,,,,,,,8,321,2256,,,,,,,,M,
,,,,,,,,,9,69,2021,,,,,,,,M,
,,,,,,,,,10,119,1928,,,,,,,,F,
,,,,,,,,,11,60,1804,,,,,,,,F,
,,,,,,,,,12,281,1740,,,,,,,,M,
,,,,,,,,,13,62,1683,,,,,,,,F,
,,,,,,,,,14,53,1604,,,,,,,,F,
,,,,,,,,,15,166,1520,,,,,,,,F,
,,,,,,,,,16,39,1516,,,,,,,,M,
,,,,,,,,,17,41,1449,,,,,,,,F,
,,,,,,,,,18,40,1439,,,,,,,,M,
,,,,,,,,,19,77,1323,,,,,,,,F,
,,,,,,,,,20,96,1208,,,,,,,,M,
,,,,,,,,,21,112,1189,,,,,,,,F,
,,,,,,,,,22,65,1185,,,,,,,,F,
,,,,,,,,,23,64,1166,,,,,,,,M,
,,,,,,,,,24,82,1161,,,,,,,,F,
,,,,,,,,,25,55,1026,,,,,,,,F,
,,,,,,,,,26,126,1002,,,,,,,,M,
,,,,,,,,,27,45,975,,,,,,,,F,
,,,,,,,,,28,43,923,,,,,,,,F,
,,,,,,,,,29,42,905,,,,,,,,F,
,,,,,,,,,30,57,865,,,,,,,,F,
,,,,,,,,,1,140,6011,,,,,,,,F,
,,,,,,,,,2,70,4930,,,,,,,,M,
,,,,,,,,,3,510,4024,,,,,,,,F,
,,,,,,,,,4,160,3107,,,,,,,,F,
,,,,,,,,,5,63,2509,,,,,,,,F,
,,,,,,,,,6,40,2271,,,,,,,,F,
,,,,,,,,,7,59,2108,,,,,,,,F,
,,,,,,,,,8,35,2067,,,,,,,,F,
,,,,,,,,,9,232,2022,,,,,,,,F,
,,,,,,,,,10,98,1932,,,,,,,,F,
,,,,,,,,,11,143,1686,,,,,,,,M,
,,,,,,,,,12,111,1572,,,,,,,,F,
,,,,,,,,,13,117,1550,,,,,,,,F,
,,,,,,,,,14,40,1283,,,,,,,,F,
,,,,,,,,,15,193,1229,,,,,,,,M,
,,,,,,,,,16,169,1196,,,,,,,,F,
,,,,,,,,,17,126,1182,,,,,,,,F,
,,,,,,,,,18,50,1130,,,,,,,,M,
,,,,,,,,,19,48,1058,,,,,,,,F,
,,,,,,,,,20,27,1055,,,,,,,,F,
,,,,,,,,,21,86,1050,,,,,,,,F,
,,,,,,,,,22,114,953,,,,,,,,M,
,,,,,,,,,23,59,946,,,,,,,,F,
,,,,,,,,,24,51,886,,,,,,,,F,
,,,,,,,,,25,126,864,,,,,,,,F,
,,,,,,,,,26,37,848,,,,,,,,F,
,,,,,,,,,27,281,765,,,,,,,,M,
,,,,,,,,,28,69,749,,,,,,,,F,
,,,,,,,,,29,24,729,,,,,,,,M,
,,,,,,,,,30,51,707,,,,,,,,F,
,,,,,,,,,1,165,5324,,,,,,,,M,
,,,,,,,,,2,67,4055,,,,,,,,F,
,,,,,,,,,3,58,3104,,,,,,,,F,
,,,,,,,,,4,25,2462,,,,,,,,F,
,,,,,,,,,5,791,2383,,,,,,,,M,
,,,,,,,,,6,51,2356,,,,,,,,F,
,,,,,,,,,7,248,2177,,,,,,,,M,
,,,,,,,,,8,214,1972,,,,,,,,F,
,,,,,,,,,9,276,1737,,,,,,,,M,
,,,,,,,,,10,2393,1617,,,,,,,,F,
,,,,,,,,,11,57,1444,,,,,,,,M,
,,,,,,,,,12,148,1386,,,,,,,,M,
,,,,,,,,,13,71,1363,,,,,,,,M,
,,,,,,,,,14,181,1323,,,,,,,,F,
,,,,,,,,,15,490,1290,,,,,,,,F,
,,,,,,,,,16,123,1132,,,,,,,,F,
,,,,,,,,,17,116,1127,,,,,,,,F,
,,,,,,,,,18,142,1125,,,,,,,,M,
,,,,,,,,,19,206,1124,,,,,,,,M,
,,,,,,,,,20,47,958,,,,,,,,F,
,,,,,,,,,21,95,955,,,,,,,,F,
,,,,,,,,,22,65,946,,,,,,,,F,
,,,,,,,,,23,49,945,,,,,,,,M,
,,,,,,,,,24,153,931,,,,,,,,F,
,,,,,,,,,25,37,907,,,,,,,,F,
,,,,,,,,,26,88,873,,,,,,,,M,
,,,,,,,,,27,64,866,,,,,,,,F,
,,,,,,,,,28,93,855,,,,,,,,M,
,,,,,,,,,29,22,842,,,,,,,,F,
,,,,,,,,,30,54,833,,,,,,,,M,
,,,,,,,,,1,116,5448,,,,,,,,M,
,,,,,,,,,2,833,4822,,,,,,,,M,
,,,,,,,,,3,258,4668,,,,,,,,F,
,,,,,,,,,4,129,4529,,,,,,,,F,
,,,,,,,,,5,140,2462,,,,,,,,M,
,,,,,,,,,6,163,2424,,,,,,,,F,
,,,,,,,,,7,74,1837,,,,,,,,F,
,,,,,,,,,8,150,1826,,,,,,,,F,
,,,,,,,,,9,81,1496,,,,,,,,F,
,,,,,,,,,10,97,1384,,,,,,,,M,
,,,,,,,,,11,110,1358,,,,,,,,F,
,,,,,,,,,12,59,1341,,,,,,,,M,
,,,,,,,,,13,162,1268,,,,,,,,F,
,,,,,,,,,14,93,1215,,,,,,,,F,
,,,,,,,,,15,136,1158,,,,,,,,F,
,,,,,,,,,16,113,1135,,,,,,,,F,
,,,,,,,,,17,87,1131,,,,,,,,F,
,,,,,,,,,18,43,1130,,,,,,,,F,
,,,,,,,,,19,84,1107,,,,,,,,M,
,,,,,,,,,20,126,1068,,,,,,,,M,
,,,,,,,,,21,147,1033,,,,,,,,M,
,,,,,,,,,22,181,1024,,,,,,,,M,
,,,,,,,,,23,203,978,,,,,,,,F,
,,,,,,,,,24,47,964,,,,,,,,F,
,,,,,,,,,25,84,943,,,,,,,,F,
,,,,,,,,,26,36,938,,,,,,,,F,
,,,,,,,,,27,65,928,,,,,,,,F,
,,,,,,,,,28,101,816,,,,,,,,F,
,,,,,,,,,29,203,801,,,,,,,,F,
,,,,,,,,,30,158,771,,,,,,,,F,
,,,,,,,,,1,241,6378,,,,,,,,F,
,,,,,,,,,2,699,5509,,,,,,,,M,
,,,,,,,,,3,357,4475,,,,,,,,F,
,,,,,,,,,4,302,4284,,,,,,,,F,
,,,,,,,,,5,373,3660,,,,,,,,M,
,,,,,,,,,6,194,3587,,,,,,,,F,
,,,,,,,,,7,384,3098,,,,,,,,M,
,,,,,,,,,8,200,2731,,,,,,,,F,
,,,,,,,,,9,145,2616,,,,,,,,M,
,,,,,,,,,10,491,2522,,,,,,,,F,
,,,,,,,,,11,98,2305,,,,,,,,F,
,,,,,,,,,12,60,2303,,,,,,,,M,
,,,,,,,,,13,109,2255,,,,,,,,F,
,,,,,,,,,14,77,2243,,,,,,,,F,
,,,,,,,,,15,341,2122,,,,,,,,M,
,,,,,,,,,16,118,1814,,,,,,,,F,
,,,,,,,,,17,37,1652,,,,,,,,M,
,,,,,,,,,18,71,1232,,,,,,,,F,
,,,,,,,,,19,54,1176,,,,,,,,F,
,,,,,,,,,20,443,1173,,,,,,,,M,
,,,,,,,,,21,74,1148,,,,,,,,M,
,,,,,,,,,22,68,1140,,,,,,,,F,
,,,,,,,,,23,125,1078,,,,,,,,F,
,,,,,,,,,24,270,1053,,,,,,,,F,
,,,,,,,,,25,38,1021,,,,,,,,M,
,,,,,,,,,26,64,965,,,,,,,,M,
,,,,,,,,,27,197,962,,,,,,,,M,
,,,,,,,,,28,59,956,,,,,,,,F,
,,,,,,,,,29,243,950,,,,,,,,M,
,,,,,,,,,30,140,918,,,,,,,,F,
,,,,,,,,,1,2938,10026,,,,,,,,F,
,,,,,,,,,2,232,4641,,,,,,,,F,
,,,,,,,,,3,1857,4596,,,,,,,,M,
,,,,,,,,,4,749,4137,,,,,,,,M,
,,,,,,,,,5,130,3733,,,,,,,,M,
,,,,,,,,,6,210,3293,,,,,,,,F,
,,,,,,,,,7,221,2892,,,,,,,,M,
,,,,,,,,,8,173,2706,,,,,,,,F,
,,,,,,,,,9,144,2539,,,,,,,,F,
,,,,,,,,,10,867,2499,,,,,,,,F,
,,,,,,,,,11,283,2295,,,,,,,,M,
,,,,,,,,,12,447,2127,,,,,,,,F,
,,,,,,,,,13,97,2063,,,,,,,,M,
,,,,,,,,,14,139,1806,,,,,,,,M,
,,,,,,,,,15,97,1523,,,,,,,,M,
,,,,,,,,,16,87,1468,,,,,,,,F,
,,,,,,,,,17,100,1428,,,,,,,,F,
,,,,,,,,,18,163,1313,,,,,,,,F,
,,,,,,,,,19,73,1271,,,,,,,,M,
,,,,,,,,,20,530,1179,,,,,,,,M,
,,,,,,,,,21,297,1165,,,,,,,,F,
,,,,,,,,,22,90,1143,,,,,,,,F,
,,,,,,,,,23,28,1062,,,,,,,,M,
,,,,,,,,,24,85,1016,,,,,,,,F,
,,,,,,,,,25,325,965,,,,,,,,M,
,,,,,,,,,26,15,909,,,,,,,,M,
,,,,,,,,,27,100,850,,,,,,,,F,
,,,,,,,,,28,152,839,,,,,,,,F,
,,,,,,,,,29,29,837,,,,,,,,F,
,,,,,,,,,30,65,794,,,,,,,,F,
,,,,,,,,,1,334,14844,,,,,,,,F,
,,,,,,,,,2,142,8709,,,,,,,,M,
,,,,,,,,,3,215,3198,,,,,,,,F,
,,,,,,,,,4,229,3143,,,,,,,,M,
,,,,,,,,,5,252,3107,,,,,,,,F,
,,,,,,,,,6,291,3105,,,,,,,,M,
,,,,,,,,,7,192,3058,,,,,,,,F,
,,,,,,,,,8,191,2906,,,,,,,,M,
,,,,,,,,,9,1130,2655,,,,,,,,M,
,,,,,,,,,10,482,2370,,,,,,,,M,
,,,,,,,,,11,96,2186,,,,,,,,F,
,,,,,,,,,12,128,2077,,,,,,,,F,
,,,,,,,,,13,228,1939,,,,,,,,M,
,,,,,,,,,14,183,1894,,,,,,,,F,
,,,,,,,,,15,395,1758,,,,,,,,M,
,,,,,,,,,16,337,1725,,,,,,,,M,
,,,,,,,,,17,183,1576,,,,,,,,M,
,,,,,,,,,18,511,1523,,,,,,,,F,
,,,,,,,,,19,68,1473,,,,,,,,M,
,,,,,,,,,20,748,1465,,,,,,,,F,
,,,,,,,,,21,64,1283,,,,,,,,F,
,,,,,,,,,22,164,1244,,,,,,,,F,
,,,,,,,,,23,60,1238,,,,,,,,F,
,,,,,,,,,24,57,1167,,,,,,,,M,
,,,,,,,,,25,89,1132,,,,,,,,M,
,,,,,,,,,26,160,1121,,,,,,,,M,
,,,,,,,,,27,77,1070,,,,,,,,F,
,,,,,,,,,28,351,1056,,,,,,,,M,
,,,,,,,,,29,21,1042,,,,,,,,M,
,,,,,,,,,30,67,932,,,,,,,,M,
,,,,,,,,,1,856,7554,,,,,,,,F,
,,,,,,,,,2,182,4901,,,,,,,,F,
,,,,,,,,,3,110,4691,,,,,,,,M,
,,,,,,,,,4,423,4007,,,,,,,,F,
,,,,,,,,,5,138,3751,,,,,,,,F,
,,,,,,,,,6,639,3734,,,,,,,,F,
,,,,,,,,,7,66,3702,,,,,,,,F,
,,,,,,,,,8,126,3642,,,,,,,,F,
,,,,,,,,,9,170,3394,,,,,,,,M,
,,,,,,,,,10,184,3338,,,,,,,,M,
,,,,,,,,,11,174,3090,,,,,,,,F,
,,,,,,,,,12,202,2992,,,,,,,,F,
,,,,,,,,,13,1193,2121,,,,,,,,M,
,,,,,,,,,14,181,2056,,,,,,,,M,
,,,,,,,,,15,103,2021,,,,,,,,F,
,,,,,,,,,16,108,1878,,,,,,,,F,
,,,,,,,,,17,491,1876,,,,,,,,M,
,,,,,,,,,18,55,1831,,,,,,,,F,
,,,,,,,,,19,140,1803,,,,,,,,F,
,,,,,,,,,20,255,1749,,,,,,,,F,
,,,,,,,,,21,125,1679,,,,,,,,M,
,,,,,,,,,22,41,1594,,,,,,,,F,
,,,,,,,,,23,154,1587,,,,,,,,M,
,,,,,,,,,24,31,1532,,,,,,,,M,
,,,,,,,,,25,62,1509,,,,,,,,F,
,,,,,,,,,26,225,1464,,,,,,,,M,
,,,,,,,,,27,307,1394,,,,,,,,F,
,,,,,,,,,28,532,1364,,,,,,,,F,
,,,,,,,,,29,52,1362,,,,,,,,F,
,,,,,,,,,30,68,1262,,,,,,,,F,
,,,,,,,,,1,1020,8184,,,,,,,,M,
,,,,,,,,,2,504,4969,,,,,,,,M,
,,,,,,,,,3,178,3783,,,,,,,,F,
,,,,,,,,,4,117,3490,,,,,,,,M,
,,,,,,,,,5,476,3368,,,,,,,,F,
,,,,,,,,,6,292,2539,,,,,,,,M,
,,,,,,,,,7,140,2425,,,,,,,,F,
,,,,,,,,,8,439,2296,,,,,,,,M,
,,,,,,,,,9,223,2213,,,,,,,,F,
,,,,,,,,,10,311,2161,,,,,,,,M,
,,,,,,,,,11,395,2014,,,,,,,,F,
,,,,,,,,,12,114,1974,,,,,,,,F,
,,,,,,,,,13,246,1775,,,,,,,,F,
,,,,,,,,,14,100,1655,,,,,,,,F,
,,,,,,,,,15,75,1617,,,,,,,,F,
,,,,,,,,,16,103,1579,,,,,,,,F,
,,,,,,,,,17,73,1566,,,,,,,,F,
,,,,,,,,,18,293,1534,,,,,,,,F,
,,,,,,,,,19,95,1272,,,,,,,,F,
,,,,,,,,,20,102,1236,,,,,,,,F,
,,,,,,,,,21,130,1198,,,,,,,,F,
,,,,,,,,,22,599,1182,,,,,,,,M,
,,,,,,,,,23,73,1090,,,,,,,,F,
,,,,,,,,,24,74,1045,,,,,,,,F,
,,,,,,,,,25,419,1040,,,,,,,,F,
,,,,,,,,,26,183,967,,,,,,,,M,
,,,,,,,,,27,89,913,,,,,,,,M,
,,,,,,,,,28,196,903,,,,,,,,F,
,,,,,,,,,29,85,886,,,,,,,,M,
,,,,,,,,,30,100,873,,,,,,,,F,
,,,,,,,,,1,308,4394,,,,,,,,F,
,,,,,,,,,2,139,4199,,,,,,,,F,
,,,,,,,,,3,86,3547,,,,,,,,F,
,,,,,,,,,4,118,3047,,,,,,,,F,
,,,,,,,,,5,465,2672,,,,,,,,M,
,,,,,,,,,6,212,2450,,,,,,,,F,
,,,,,,,,,7,345,2320,,,,,,,,M,
,,,,,,,,,8,220,2148,,,,,,,,M,
,,,,,,,,,9,391,1949,,,,,,,,F,
,,,,,,,,,10,62,1897,,,,,,,,F,
,,,,,,,,,11,209,1857,,,,,,,,F,
,,,,,,,,,12,30,1817,,,,,,,,F,
,,,,,,,,,13,101,1797,,,,,,,,F,
,,,,,,,,,14,105,1734,,,,,,,,F,
,,,,,,,,,15,411,1660,,,,,,,,M,
,,,,,,,,,16,491,1647,,,,,,,,M,
,,,,,,,,,17,288,1616,,,,,,,,F,
,,,,,,,,,18,58,1598,,,,,,,,M,
,,,,,,,,,19,36,1515,,,,,,,,M,
,,,,,,,,,20,211,1492,,,,,,,,F,
,,,,,,,,,21,168,1470,,,,,,,,M,
,,,,,,,,,22,150,1176,,,,,,,,M,
,,,,,,,,,23,142,1175,,,,,,,,F,
,,,,,,,,,24,156,1116,,,,,,,,F,
,,,,,,,,,25,268,1092,,,,,,,,F,
,,,,,,,,,26,63,1076,,,,,,,,F,
,,,,,,,,,27,152,1067,,,,,,,,F,
,,,,,,,,,28,70,1059,,,,,,,,F,
,,,,,,,,,29,118,1002,,,,,,,,F,
,,,,,,,,,30,173,997,,,,,,,,M,
,,,,,,,,,1,433,7207,,,,,,,,F,
,,,,,,,,,2,2448,4446,,,,,,,,F,
,,,,,,,,,3,241,3901,,,,,,,,M,
,,,,,,,,,4,277,3437,,,,,,,,F,
,,,,,,,,,5,331,3133,,,,,,,,F,
,,,,,,,,,6,566,2938,,,,,,,,M,
,,,,,,,,,7,204,2924,,,,,,,,F,
,,,,,,,,,8,269,2777,,,,,,,,F,
,,,,,,,,,9,462,2142,,,,,,,,M,
,,,,,,,,,10,129,2054,,,,,,,,F,
,,,,,,,,,11,156,1971,,,,,,,,F,
,,,,,,,,,12,233,1849,,,,,,,,F,
,,,,,,,,,13,153,1827,,,,,,,,F,
,,,,,,,,,14,128,1567,,,,,,,,F,
,,,,,,,,,15,136,1461,,,,,,,,F,
,,,,,,,,,16,227,1440,,,,,,,,F,
,,,,,,,,,17,73,1359,,,,,,,,M,
,,,,,,,,,18,14662,1341,,,,,,,,D,
,,,,,,,,,19,562,1303,,,,,,,,M,
,,,,,,,,,20,54,1266,,,,,,,,F,
,,,,,,,,,21,212,1235,,,,,,,,M,
,,,,,,,,,22,112,1220,,,,,,,,F,
,,,,,,,,,23,55,1202,,,,,,,,F,
,,,,,,,,,24,122,1159,,,,,,,,F,
,,,,,,,,,25,83,1149,,,,,,,,M,
,,,,,,,,,26,87,1149,,,,,,,,F,
,,,,,,,,,27,147,1141,,,,,,,,F,
,,,,,,,,,28,89,1106,,,,,,,,F,
,,,,,,,,,29,493,1025,,,,,,,,F,
,,,,,,,,,30,62,988,,,,,,,,F,
,,,,,,,,,1,81,4405,,,,,,,,F,
,,,,,,,,,2,56,3425,,,,,,,,M,
,,,,,,,,,3,290,3125,,,,,,,,M,
,,,,,,,,,4,1451,2723,,,,,,,,F,
,,,,,,,,,5,64,2500,,,,,,,,M,
,,,,,,,,,6,722,2453,,,,,,,,F,
,,,,,,,,,7,133,2195,,,,,,,,M,
,,,,,,,,,8,255,2004,,,,,,,,F,
,,,,,,,,,9,120,1940,,,,,,,,F,
,,,,,,,,,10,422,1891,,,,,,,,M,
,,,,,,,,,11,74,1667,,,,,,,,F,
,,,,,,,,,12,60,1622,,,,,,,,M,
,,,,,,,,,13,664,1594,,,,,,,,M,
,,,,,,,,,14,213,1541,,,,,,,,F,
,,,,,,,,,15,204,1511,,,,,,,,F,
,,,,,,,,,16,196,1452,,,,,,,,F,
,,,,,,,,,17,71,1442,,,,,,,,F,
,,,,,,,,,18,676,1275,,,,,,,,M,
,,,,,,,,,19,418,1254,,,,,,,,M,
,,,,,,,,,20,198,1220,,,,,,,,M,
,,,,,,,,,21,112,1105,,,,,,,,F,
,,,,,,,,,22,199,1085,,,,,,,,M,
,,,,,,,,,23,102,1050,,,,,,,,F,
,,,,,,,,,24,219,932,,,,,,,,M,
,,,,,,,,,25,421,911,,,,,,,,M,
,,,,,,,,,26,28,832,,,,,,,,F,
,,,,,,,,,27,39,771,,,,,,,,F,
,,,,,,,,,28,17,763,,,,,,,,F,
,,,,,,,,,29,32,755,,,,,,,,M,
,,,,,,,,,30,56,692,,,,,,,,M,
,,,,,,,,,1,1147,14156,,,,,,,,F,
,,,,,,,,,2,1836,10534,,,,,,,,M,
,,,,,,,,,3,179,5303,,,,,,,,F,
,,,,,,,,,4,71,3793,,,,,,,,M,
,,,,,,,,,5,321,3629,,,,,,,,F,
,,,,,,,,,6,338,3112,,,,,,,,F,
,,,,,,,,,7,207,2886,,,,,,,,M,
,,,,,,,,,8,130,2357,,,,,,,,M,
,,,,,,,,,9,225,2272,,,,,,,,M,
,,,,,,,,,10,418,2234,,,,,,,,F,
,,,,,,,,,11,929,2159,,,,,,,,D,
,,,,,,,,,12,90,2129,,,,,,,,F,
,,,,,,,,,13,360,1950,,,,,,,,M,
,,,,,,,,,14,290,1949,,,,,,,,F,
,,,,,,,,,15,353,1816,,,,,,,,F,
,,,,,,,,,16,43,1395,,,,,,,,M,
,,,,,,,,,17,738,1393,,,,,,,,M,
,,,,,,,,,18,223,1374,,,,,,,,M,
,,,,,,,,,19,235,1329,,,,,,,,M,
,,,,,,,,,20,399,1265,,,,,,,,M,
,,,,,,,,,21,382,1200,,,,,,,,F,
,,,,,,,,,22,91,1193,,,,,,,,F,
,,,,,,,,,23,119,1146,,,,,,,,F,
,,,,,,,,,24,101,1085,,,,,,,,F,
,,,,,,,,,25,248,1066,,,,,,,,M,
,,,,,,,,,26,97,1026,,,,,,,,F,
,,,,,,,,,27,123,1014,,,,,,,,M,
,,,,,,,,,28,112,987,,,,,,,,M,
,,,,,,,,,29,123,970,,,,,,,,F,
,,,,,,,,,30,312,937,,,,,,,,F,
,,,,,,,,,1,703,4146,,,,,,,,F,
,,,,,,,,,2,97,2241,,,,,,,,F,
,,,,,,,,,3,61,1747,,,,,,,,M,
,,,,,,,,,4,115,1721,,,,,,,,F,
,,,,,,,,,5,1187,1501,,,,,,,,D,
,,,,,,,,,6,41,1212,,,,,,,,F,
,,,,,,,,,7,862,1179,,,,,,,,F,
,,,,,,,,,8,173,1111,,,,,,,,F,
,,,,,,,,,9,313,1099,,,,,,,,F,
,,,,,,,,,10,322,1096,,,,,,,,F,
,,,,,,,,,11,93,1093,,,,,,,,F,
,,,,,,,,,12,146,1036,,,,,,,,M,
,,,,,,,,,13,82,1019,,,,,,,,F,
,,,,,,,,,14,16,994,,,,,,,,M,
,,,,,,,,,15,58,976,,,,,,,,F,
,,,,,,,,,16,41,829,,,,,,,,F,
,,,,,,,,,17,92,721,,,,,,,,F,
,,,,,,,,,18,92,697,,,,,,,,F,
,,,,,,,,,19,197,691,,,,,,,,M,
,,,,,,,,,20,207,603,,,,,,,,M,
,,,,,,,,,21,56,599,,,,,,,,F,
,,,,,,,,,22,154,585,,,,,,,,F,
,,,,,,,,,23,24,561,,,,,,,,F,
,,,,,,,,,24,174,557,,,,,,,,M,
,,,,,,,,,25,37,555,,,,,,,,F,
,,,,,,,,,26,107,548,,,,,,,,F,
,,,,,,,,,27,19,540,,,,,,,,F,
,,,,,,,,,28,111,535,,,,,,,,F,
,,,,,,,,,29,42,525,,,,,,,,F,
,,,,,,,,,30,275,502,,,,,,,,M,
,,,,,,,,,1,154,6332,,,,,,,,F,
,,,,,,,,,2,312,5087,,,,,,,,M,
,,,,,,,,,3,84,4005,,,,,,,,M,
,,,,,,,,,4,656,3161,,,,,,,,M,
,,,,,,,,,5,462,3142,,,,,,,,F,
,,,,,,,,,6,136,2987,,,,,,,,M,
,,,,,,,,,7,48,2674,,,,,,,,F,
,,,,,,,,,8,122,2618,,,,,,,,F,
,,,,,,,,,9,407,2527,,,,,,,,F,
,,,,,,,,,10,316,2342,,,,,,,,F,
,,,,,,,,,11,449,2172,,,,,,,,F,
,,,,,,,,,12,181,2165,,,,,,,,F,
,,,,,,,,,13,232,2050,,,,,,,,F,
,,,,,,,,,14,238,1633,,,,,,,,F,
,,,,,,,,,15,297,1571,,,,,,,,M,
,,,,,,,,,16,74,1548,,,,,,,,M,
,,,,,,,,,17,422,1470,,,,,,,,M,
,,,,,,,,,18,72,1431,,,,,,,,F,
,,,,,,,,,19,195,1307,,,,,,,,F,
,,,,,,,,,20,97,1281,,,,,,,,M,
,,,,,,,,,21,389,1176,,,,,,,,M,
,,,,,,,,,22,138,1164,,,,,,,,F,
,,,,,,,,,23,587,1150,,,,,,,,D,
,,,,,,,,,24,82,1092,,,,,,,,F,
,,,,,,,,,25,87,1041,,,,,,,,F,
,,,,,,,,,26,8,1034,,,,,,,,M,
,,,,,,,,,27,84,985,,,,,,,,F,
,,,,,,,,,28,89,963,,,,,,,,M,
,,,,,,,,,29,189,951,,,,,,,,M,
,,,,,,,,,30,77,915,,,,,,,,M,
,,,,,,,,,1,282,4325,,,,,,,,F,
,,,,,,,,,2,68,3381,,,,,,,,F,
,,,,,,,,,3,669,3333,,,,,,,,F,
,,,,,,,,,4,485,2708,,,,,,,,F,
,,,,,,,,,5,444,2513,,,,,,,,M,
,,,,,,,,,6,287,2070,,,,,,,,F,
,,,,,,,,,7,137,2019,,,,,,,,F,
,,,,,,,,,8,274,1739,,,,,,,,F,
,,,,,,,,,9,215,1569,,,,,,,,F,
,,,,,,,,,10,677,1491,,,,,,,,M,
,,,,,,,,,11,87,1454,,,,,,,,F,
,,,,,,,,,12,57,1379,,,,,,,,M,
,,,,,,,,,13,118,1377,,,,,,,,F,
,,,,,,,,,14,44,1319,,,,,,,,F,
,,,,,,,,,15,48,1224,,,,,,,,F,
,,,,,,,,,16,73,1190,,,,,,,,F,
,,,,,,,,,17,374,1129,,,,,,,,M,
,,,,,,,,,18,106,1104,,,,,,,,M,
,,,,,,,,,19,56,1071,,,,,,,,F,
,,,,,,,,,20,29,1071,,,,,,,,F,
,,,,,,,,,21,176,1038,,,,,,,,F,
,,,,,,,,,22,81,954,,,,,,,,M,
,,,,,,,,,23,38,943,,,,,,,,M,
,,,,,,,,,24,65,851,,,,,,,,F,
,,,,,,,,,25,81,831,,,,,,,,M,
,,,,,,,,,26,240,815,,,,,,,,M,
,,,,,,,,,27,115,811,,,,,,,,F,
,,,,,,,,,28,93,775,,,,,,,,F,
,,,,,,,,,29,58,774,,,,,,,,F,
,,,,,,,,,30,157,751,,,,,,,,F,
,,,,,,,,,1,1185,25957,,,,,,,,F,
,,,,,,,,,2,403,5168,,,,,,,,F,
,,,,,,,,,3,404,4772,,,,,,,,M,
,,,,,,,,,4,221,3191,,,,,,,,F,
,,,,,,,,,5,191,3114,,,,,,,,M,
,,,,,,,,,6,220,3063,,,,,,,,F,
,,,,,,,,,7,941,2437,,,,,,,,F,
,,,,,,,,,8,130,2192,,,,,,,,F,
,,,,,,,,,9,268,2065,,,,,,,,M,
,,,,,,,,,10,146,1819,,,,,,,,F,
,,,,,,,,,11,186,1609,,,,,,,,M,
,,,,,,,,,12,102,1516,,,,,,,,M,
,,,,,,,,,13,127,1476,,,,,,,,F,
,,,,,,,,,14,162,1443,,,,,,,,M,
,,,,,,,,,15,78,1330,,,,,,,,F,
,,,,,,,,,16,444,1315,,,,,,,,F,
,,,,,,,,,17,62,1286,,,,,,,,F,
,,,,,,,,,18,117,1260,,,,,,,,M,
,,,,,,,,,19,12,1200,,,,,,,,M,
,,,,,,,,,20,144,1175,,,,,,,,M,
,,,,,,,,,21,94,1172,,,,,,,,F,
,,,,,,,,,22,84,1114,,,,,,,,F,
,,,,,,,,,23,323,1096,,,,,,,,F,
,,,,,,,,,24,158,1058,,,,,,,,F,
,,,,,,,,,25,45,999,,,,,,,,F,
,,,,,,,,,26,37,974,,,,,,,,F,
,,,,,,,,,27,292,904,,,,,,,,F,
,,,,,,,,,28,71,840,,,,,,,,F,
,,,,,,,,,29,96,838,,,,,,,,F,
,,,,,,,,,30,198,825,,,,,,,,M,
,,,,,,,,,1,326,9322,,,,,,,,F,
,,,,,,,,,2,427,7330,,,,,,,,F,
,,,,,,,,,3,403,5097,,,,,,,,M,
,,,,,,,,,4,855,4425,,,,,,,,F,
,,,,,,,,,5,498,3716,,,,,,,,F,
,,,,,,,,,6,107,3677,,,,,,,,M,
,,,,,,,,,7,267,3363,,,,,,,,F,
,,,,,,,,,8,116,2679,,,,,,,,F,
,,,,,,,,,9,941,2498,,,,,,,,F,
,,,,,,,,,10,58,2471,,,,,,,,F,
,,,,,,,,,11,268,2453,,,,,,,,M,
,,,,,,,,,12,70,2365,,,,,,,,F,
,,,,,,,,,13,211,1815,,,,,,,,M,
,,,,,,,,,14,119,1633,,,,,,,,F,
,,,,,,,,,15,50,1592,,,,,,,,F,
,,,,,,,,,16,120,1559,,,,,,,,M,
,,,,,,,,,17,249,1495,,,,,,,,F,
,,,,,,,,,18,240,1404,,,,,,,,M,
,,,,,,,,,19,193,1367,,,,,,,,M,
,,,,,,,,,20,588,1325,,,,,,,,M,
,,,,,,,,,21,38,1224,,,,,,,,F,
,,,,,,,,,22,60,1219,,,,,,,,F,
,,,,,,,,,23,177,1126,,,,,,,,F,
,,,,,,,,,24,206,1126,,,,,,,,F,
,,,,,,,,,25,53,1084,,,,,,,,M,
,,,,,,,,,26,77,1030,,,,,,,,F,
,,,,,,,,,27,263,998,,,,,,,,F,
,,,,,,,,,28,79,987,,,,,,,,F,
,,,,,,,,,29,126,928,,,,,,,,M,
,,,,,,,,,30,79,797,,,,,,,,F,
,,,,,,,,,1,2427,6506,,,,,,,,M,
,,,,,,,,,2,321,5628,,,,,,,,M,
,,,,,,,,,3,208,3748,,,,,,,,M,
,,,,,,,,,4,405,2723,,,,,,,,F,
,,,,,,,,,5,114,2621,,,,,,,,F,
,,,,,,,,,6,145,2575,,,,,,,,F,
,,,,,,,,,7,264,2233,,,,,,,,M,
,,,,,,,,,8,198,2169,,,,,,,,F,
,,,,,,,,,9,190,1995,,,,,,,,M,
,,,,,,,,,10,98,1957,,,,,,,,F,
,,,,,,,,,11,78,1910,,,,,,,,F,
,,,,,,,,,12,756,1865,,,,,,,,M,
,,,,,,,,,13,47,1789,,,,,,,,F,
,,,,,,,,,14,603,1768,,,,,,,,F,
,,,,,,,,,15,141,1505,,,,,,,,F,
,,,,,,,,,16,232,1409,,,,,,,,F,
,,,,,,,,,17,444,1302,,,,,,,,F,
,,,,,,,,,18,1457,1294,,,,,,,,F,
,,,,,,,,,19,488,1192,,,,,,,,M,
,,,,,,,,,20,96,1105,,,,,,,,M,
,,,,,,,,,21,82,1071,,,,,,,,M,
,,,,,,,,,22,24,1039,,,,,,,,F,
,,,,,,,,,23,107,993,,,,,,,,F,
,,,,,,,,,24,22,992,,,,,,,,F,
,,,,,,,,,25,344,975,,,,,,,,F,
,,,,,,,,,26,34,970,,,,,,,,M,
,,,,,,,,,27,210,949,,,,,,,,F,
,,,,,,,,,28,58,877,,,,,,,,F,
,,,,,,,,,29,287,816,,,,,,,,M,
,,,,,,,,,30,113,774,,,,,,,,F,
,,,,,,,,,1,779,4435,,,,,,,,M,
,,,,,,,,,2,138,3326,,,,,,,,F,
,,,,,,,,,3,323,3150,,,,,,,,F,
,,,,,,,,,4,54,2906,,,,,,,,F,
,,,,,,,,,5,342,2323,,,,,,,,M,
,,,,,,,,,6,52,2294,,,,,,,,F,
,,,,,,,,,7,25,2172,,,,,,,,F,
,,,,,,,,,8,874,1723,,,,,,,,F,
,,,,,,,,,9,193,1536,,,,,,,,M,
,,,,,,,,,10,342,1448,,,,,,,,M,
,,,,,,,,,11,19,1428,,,,,,,,M,
,,,,,,,,,12,168,1279,,,,,,,,M,
,,,,,,,,,13,47,1260,,,,,,,,M,
,,,,,,,,,14,34,1219,,,,,,,,F,
,,,,,,,,,15,518,1046,,,,,,,,F,
,,,,,,,,,16,100,1030,,,,,,,,M,
,,,,,,,,,17,124,997,,,,,,,,F,
,,,,,,,,,18,371,985,,,,,,,,M,
,,,,,,,,,19,221,957,,,,,,,,M,
,,,,,,,,,20,374,908,,,,,,,,F,
,,,,,,,,,21,123,884,,,,,,,,F,
,,,,,,,,,22,185,842,,,,,,,,F,
,,,,,,,,,23,143,821,,,,,,,,F,
,,,,,,,,,24,42,787,,,,,,,,F,
,,,,,,,,,25,727,782,,,,,,,,M,
,,,,,,,,,26,293,776,,,,,,,,F,
,,,,,,,,,27,53,743,,,,,,,,F,
,,,,,,,,,28,46,741,,,,,,,,F,
,,,,,,,,,29,77,738,,,,,,,,M,
,,,,,,,,,30,58,735,,,,,,,,F,
,,,,,,,,,1,161,3587,,,,,,,,M,
,,,,,,,,,2,301,3560,,,,,,,,F,
,,,,,,,,,3,154,3284,,,,,,,,F,
,,,,,,,,,4,345,3021,,,,,,,,F,
,,,,,,,,,5,30,2424,,,,,,,,F,
,,,,,,,,,6,110,2368,,,,,,,,F,
,,,,,,,,,7,202,2243,,,,,,,,F,
,,,,,,,,,8,126,2175,,,,,,,,F,
,,,,,,,,,9,402,2126,,,,,,,,F,
,,,,,,,,,10,102,2090,,,,,,,,F,
,,,,,,,,,11,631,1850,,,,,,,,F,
,,,,,,,,,12,173,1689,,,,,,,,F,
,,,,,,,,,13,86,1653,,,,,,,,F,
,,,,,,,,,14,280,1625,,,,,,,,F,
,,,,,,,,,15,380,1541,,,,,,,,M,
,,,,,,,,,16,48,1471,,,,,,,,F,
,,,,,,,,,17,71,1402,,,,,,,,F,
,,,,,,,,,18,33,1320,,,,,,,,F,
,,,,,,,,,19,127,1319,,,,,,,,F,
,,,,,,,,,20,52,1272,,,,,,,,F,
,,,,,,,,,21,55,1227,,,,,,,,F,
,,,,,,,,,22,176,1189,,,,,,,,M,
,,,,,,,,,23,183,1182,,,,,,,,F,
,,,,,,,,,24,175,1146,,,,,,,,F,
,,,,,,,,,25,434,1130,,,,,,,,F,
,,,,,,,,,26,128,1004,,,,,,,,F,
,,,,,,,,,27,58,982,,,,,,,,F,
,,,,,,,,,28,182,968,,,,,,,,F,
,,,,,,,,,29,29,950,,,,,,,,F,
,,,,,,,,,30,38,946,,,,,,,,F,
,,,,,,,,,1,398,5128,,,,,,,,F,
,,,,,,,,,2,111,4264,,,,,,,,F,
,,,,,,,,,3,328,4055,,,,,,,,F,
,,,,,,,,,4,213,3420,,,,,,,,F,
,,,,,,,,,5,159,3122,,,,,,,,F,
,,,,,,,,,6,191,2939,,,,,,,,M,
,,,,,,,,,7,70,2128,,,,,,,,F,
,,,,,,,,,8,346,2032,,,,,,,,M,
,,,,,,,,,9,274,1953,,,,,,,,M,
,,,,,,,,,10,90,1828,,,,,,,,F,
,,,,,,,,,11,26,1605,,,,,,,,F,
,,,,,,,,,12,72,1590,,,,,,,,F,
,,,,,,,,,13,30,1555,,,,,,,,F,
,,,,,,,,,14,106,1376,,,,,,,,M,
,,,,,,,,,15,84,1371,,,,,,,,F,
,,,,,,,,,16,73,1366,,,,,,,,M,
,,,,,,,,,17,121,1346,,,,,,,,F,
,,,,,,,,,18,67,1300,,,,,,,,F,
,,,,,,,,,19,72,1234,,,,,,,,F,
,,,,,,,,,20,82,1172,,,,,,,,F,
,,,,,,,,,21,230,1095,,,,,,,,F,
,,,,,,,,,22,236,1095,,,,,,,,M,
,,,,,,,,,23,79,1004,,,,,,,,M,
,,,,,,,,,24,251,990,,,,,,,,M,
,,,,,,,,,25,82,988,,,,,,,,F,
,,,,,,,,,26,65,970,,,,,,,,F,
,,,,,,,,,27,95,950,,,,,,,,F,
,,,,,,,,,28,90,938,,,,,,,,F,
,,,,,,,,,29,50,922,,,,,,,,F,
,,,,,,,,,30,253,859,,,,,,,,F,
